# index of image, predicted as class number, belonged for real to class
1,9,8
3,4,0
4,4,6
7,4,6
8,4,3
9,8,1
10,8,0
11,1,9
13,8,7
14,1,9
16,3,5
17,4,7
20,4,7
21,2,0
22,8,4
24,4,5
26,2,4
27,7,0
29,5,6
31,4,5
35,9,2
36,6,4
39,8,5
42,9,5
43,4,6
44,8,0
45,1,9
46,5,3
47,8,9
49,4,6
52,6,0
53,9,3
56,2,7
59,4,6
60,4,7
62,0,6
63,0,3
64,4,6
65,6,2
66,9,1
68,9,3
69,1,7
70,4,2
74,7,0
75,4,2
77,1,3
78,5,3
83,5,7
84,0,2
85,9,5
86,4,2
87,4,7
90,9,0
94,5,4
96,4,6
97,4,0
99,9,7
100,5,4
101,4,5
102,3,6
103,4,3
109,3,7
110,5,4
112,4,6
113,4,2
114,9,1
115,6,3
118,7,2
119,5,7
121,4,3
123,6,2
125,1,0
129,4,2
132,1,8
135,4,2
138,4,2
139,1,9
140,2,6
141,4,5
143,5,3
145,4,7
146,3,6
147,9,2
148,7,5
149,3,2
150,4,8
151,1,9
152,1,6
153,2,0
154,3,0
156,4,2
158,3,5
159,7,4
160,0,2
162,7,6
163,2,6
164,4,8
165,7,4
168,3,5
169,4,0
172,1,9
176,8,3
177,4,7
178,3,5
179,9,0
180,6,0
181,4,5
182,6,2
183,8,2
184,4,3
188,7,4
189,2,0
190,4,5
191,4,8
192,4,0
193,9,1
195,4,2
197,4,8
199,5,8
200,3,5
201,9,1
203,1,7
205,4,3
206,8,0
207,4,5
208,5,7
209,8,9
210,5,7
211,1,4
212,0,5
213,7,9
215,5,0
216,8,7
218,4,8
219,5,2
220,4,7
221,7,6
223,6,4
224,9,3
225,7,9
226,3,6
228,3,7
229,3,6
230,4,5
232,4,5
233,0,8
236,2,4
237,9,0
238,6,5
239,2,5
242,4,8
243,8,9
245,1,3
246,4,1
247,0,9
249,9,2
252,1,9
253,1,9
256,6,3
257,9,0
258,8,0
259,1,9
260,3,8
263,5,7
266,4,2
269,4,0
270,4,2
271,6,3
272,3,6
273,2,3
274,9,8
275,4,5
276,2,0
277,5,3
278,6,4
279,5,3
281,4,0
282,3,6
284,8,0
287,8,0
291,4,2
292,4,6
293,1,9
294,9,3
298,3,0
299,4,6
300,3,6
302,0,3
303,5,2
304,4,6
305,8,1
306,2,8
307,0,2
308,8,1
309,4,6
313,4,0
316,3,7
317,4,7
320,6,3
321,3,5
322,7,2
323,4,3
324,5,4
325,4,1
328,9,4
329,3,6
330,4,1
332,4,3
334,4,6
338,8,0
339,9,7
340,4,2
342,8,2
343,7,5
345,3,5
348,5,8
352,8,0
353,9,2
354,4,2
355,3,7
356,4,3
357,6,2
358,1,8
359,1,0
361,0,5
366,6,1
367,9,3
368,4,8
369,6,1
370,6,4
376,9,0
377,4,7
378,8,0
379,3,6
380,8,6
382,4,0
384,6,2
385,4,8
387,4,2
388,5,2
391,0,2
393,6,2
394,5,9
396,3,2
397,1,3
398,9,0
399,5,3
401,0,8
402,4,7
403,0,8
404,9,8
405,2,4
408,4,8
410,3,7
412,4,3
414,9,1
416,4,0
417,1,7
418,4,3
419,6,7
420,9,4
421,6,5
422,8,0
423,2,0
424,4,2
426,5,3
427,2,4
428,4,0
430,4,2
431,4,5
432,8,3
433,9,7
434,4,3
435,3,7
436,5,2
440,6,1
441,2,4
443,1,9
444,4,5
445,4,7
446,4,5
448,4,2
449,0,2
450,5,2
451,1,9
452,0,7
453,4,3
456,2,3
457,4,5
459,8,6
460,2,5
461,3,6
462,9,1
464,6,3
465,6,4
466,7,4
467,8,3
469,5,8
470,6,3
471,6,7
473,4,0
474,3,5
475,2,7
476,4,6
478,4,5
479,3,4
480,1,8
481,5,6
483,4,5
488,8,5
490,6,1
491,2,0
494,8,1
495,9,8
496,3,0
497,5,2
498,4,2
499,4,0
500,6,4
505,8,4
506,8,7
508,3,9
510,3,5
511,2,6
514,8,5
515,6,3
517,1,9
518,9,5
520,6,5
521,4,7
522,8,0
524,8,0
525,8,5
526,4,0
528,0,4
529,4,6
531,3,0
532,1,9
533,0,5
534,5,6
535,5,6
537,6,2
539,8,0
540,9,1
541,9,7
543,5,7
544,4,5
546,9,1
547,3,6
548,3,2
549,8,5
550,2,5
553,0,5
554,8,9
555,8,4
557,6,4
561,5,7
562,3,6
563,6,2
564,4,2
565,6,3
567,3,7
569,4,2
573,6,3
574,3,6
575,9,6
577,8,9
583,9,4
585,4,9
586,6,3
587,8,4
591,1,9
592,4,2
593,4,6
594,9,1
595,1,4
596,4,7
597,5,3
598,3,5
599,6,3
601,4,5
602,8,0
603,4,2
605,5,6
606,9,4
609,1,9
611,8,9
614,3,5
616,8,6
617,8,6
618,5,2
621,4,7
623,4,2
624,3,7
628,7,4
629,2,1
630,8,2
631,8,5
632,3,6
635,8,6
636,9,8
638,8,0
640,3,5
642,2,0
643,5,7
645,9,1
646,5,3
649,6,5
650,8,3
652,3,5
655,0,2
656,9,1
664,5,3
665,6,8
667,8,0
668,8,1
669,5,3
672,4,6
675,3,0
676,4,3
677,9,1
678,8,0
679,7,5
682,9,4
685,2,6
686,8,9
688,4,3
689,3,0
690,4,3
691,4,2
692,1,2
693,4,7
695,4,3
697,6,2
698,4,7
700,9,7
701,3,2
704,4,7
705,6,4
706,4,2
707,5,9
710,5,6
714,5,4
715,5,3
716,4,3
717,9,8
718,5,4
719,8,9
720,9,4
725,8,2
726,8,1
727,8,3
728,4,6
730,3,4
732,4,7
733,4,9
734,8,9
736,8,1
737,0,4
739,4,3
740,3,2
742,9,0
744,1,9
745,6,7
746,4,6
748,4,2
749,3,5
751,0,2
752,8,9
754,4,2
755,4,2
758,4,2
759,9,1
760,9,3
761,5,6
762,8,6
763,8,0
765,4,2
766,4,7
767,3,0
768,4,5
770,1,6
771,5,1
776,4,2
777,3,6
778,4,0
779,6,5
782,1,7
783,3,6
785,8,0
786,6,3
787,8,9
788,7,6
789,9,8
790,4,3
792,4,3
793,9,4
794,0,7
795,4,7
796,3,1
798,5,7
799,4,2
802,0,4
803,5,7
806,9,8
807,0,4
808,2,7
809,4,7
813,4,2
814,8,0
818,0,8
819,4,3
820,8,6
821,4,2
822,8,0
824,4,7
825,4,3
826,5,7
827,8,6
828,6,5
829,2,3
831,5,3
832,4,2
833,3,2
834,4,5
835,1,4
836,9,1
837,4,2
841,8,0
842,4,7
843,4,2
846,8,2
848,0,2
850,5,7
851,8,9
854,4,0
855,9,7
856,4,7
857,4,0
861,5,6
862,8,3
863,5,3
865,9,1
866,9,3
867,4,7
869,8,1
870,6,3
871,8,1
872,6,4
873,3,2
876,6,4
877,4,2
878,8,3
881,8,4
882,7,3
886,8,0
888,4,0
889,3,4
890,3,4
892,0,7
894,8,1
897,5,7
898,2,3
899,7,5
900,4,2
902,4,6
905,8,7
906,9,1
907,2,6
910,6,5
911,5,3
912,3,0
916,9,3
919,2,0
921,1,9
923,6,9
924,0,5
925,3,5
926,6,8
929,8,0
930,1,4
932,5,3
937,4,5
940,1,9
941,3,1
943,6,4
948,5,3
950,0,3
952,4,6
953,8,1
954,7,4
955,5,7
957,9,3
958,4,7
963,4,6
965,5,6
966,3,6
968,9,1
972,5,2
974,0,7
975,4,0
976,4,6
978,8,1
979,4,9
980,4,2
981,8,9
982,3,0
983,0,4
984,4,7
987,0,1
988,0,2
989,5,0
993,3,4
995,2,3
996,9,8
998,5,3
1002,9,8
1004,0,8
1006,9,1
1007,1,8
1008,1,9
1009,4,6
1010,2,0
1017,5,6
1019,6,5
1020,2,1
1021,4,1
1022,8,0
1023,9,0
1024,5,3
1025,3,5
1026,6,0
1027,4,0
1028,8,6
1029,3,6
1030,9,3
1032,7,6
1033,4,3
1034,3,6
1035,2,6
1036,2,0
1037,4,7
1038,4,2
1039,4,2
1040,9,7
1041,4,5
1042,1,5
1043,0,2
1045,3,5
1046,4,2
1047,8,1
1049,6,4
1051,9,2
1052,8,0
1053,5,3
1055,8,5
1056,5,3
1057,6,7
1058,3,6
1059,2,8
1060,7,9
1062,4,6
1064,2,9
1065,9,3
1066,1,9
1069,1,6
1071,1,6
1072,3,0
1074,5,3
1076,4,0
1081,8,6
1082,4,9
1084,4,5
1087,5,6
1088,5,3
1089,4,6
1091,9,8
1092,4,6
1093,6,0
1095,6,2
1098,4,1
1099,4,2
1100,4,7
1107,4,7
1109,1,0
1110,8,2
1112,2,3
1116,6,5
1118,7,4
1119,4,7
1121,5,3
1122,9,8
1124,4,3
1126,0,2
1128,5,4
1129,4,3
1130,1,7
1131,9,1
1132,9,2
1133,1,4
1135,3,6
1137,9,0
1140,5,6
1144,9,1
1146,4,2
1148,4,2
1149,5,7
1150,1,2
1152,8,0
1154,2,6
1155,3,9
1156,0,1
1159,9,8
1161,3,0
1165,2,0
1166,6,3
1168,6,3
1170,0,7
1172,8,2
1173,6,3
1174,0,1
1176,6,1
1178,3,6
1179,2,3
1181,1,3
1183,8,0
1184,4,6
1189,4,0
1190,9,1
1193,4,5
1197,9,0
1198,3,7
1199,3,9
1202,6,2
1203,8,0
1207,8,4
1208,0,3
1209,5,7
1210,2,0
1211,3,6
1214,6,5
1216,0,8
1218,4,8
1219,4,3
1220,4,9
1221,8,9
1222,8,9
1223,2,8
1228,0,5
1230,3,5
1233,8,4
1234,9,1
1235,4,5
1236,3,7
1238,8,1
1239,8,5
1240,7,2
1242,9,8
1243,4,8
1245,8,6
1246,3,7
1247,2,3
1248,4,2
1250,3,7
1254,0,2
1255,8,4
1256,8,9
1257,5,2
1258,9,1
1260,9,1
1261,8,9
1262,4,8
1266,8,0
1268,5,3
1270,9,1
1272,2,4
1273,4,6
1276,1,5
1277,3,2
1280,7,3
1283,4,5
1285,6,9
1287,8,9
1289,9,6
1290,3,5
1291,8,9
1292,3,4
1296,3,7
1299,9,7
1302,3,6
1303,0,4
1304,1,4
1308,6,5
1310,2,0
1312,2,6
1315,8,4
1318,6,5
1321,5,2
1322,4,0
1323,9,0
1324,9,4
1325,4,2
1326,3,6
1328,3,5
1329,4,5
1330,6,2
1331,3,8
1332,9,1
1333,1,7
1334,2,3
1335,8,1
1337,4,5
1338,9,6
1339,6,5
1340,0,1
1342,5,7
1343,9,0
1344,1,9
1346,2,3
1348,3,2
1352,4,2
1353,8,3
1354,4,1
1355,9,5
1356,3,2
1357,8,9
1361,4,9
1367,4,2
1368,4,3
1371,9,1
1373,4,3
1374,0,2
1377,8,3
1378,4,1
1379,1,7
1381,8,6
1382,0,2
1383,3,8
1387,8,9
1388,4,5
1389,4,5
1390,5,6
1391,9,7
1393,1,4
1394,4,6
1398,8,7
1399,0,2
1400,4,5
1402,5,7
1403,5,6
1405,2,1
1406,7,9
1409,4,0
1411,5,3
1412,9,1
1415,2,7
1416,4,3
1418,4,6
1420,7,4
1424,8,9
1425,3,4
1428,9,7
1429,5,6
1434,4,0
1435,3,1
1436,5,6
1438,6,5
1439,1,9
1440,8,0
1442,5,3
1443,6,4
1445,4,3
1450,6,2
1451,4,2
1452,3,6
1453,7,5
1456,6,2
1458,8,1
1461,8,0
1462,2,4
1463,4,0
1465,1,9
1466,3,7
1469,3,7
1470,2,7
1474,5,3
1477,4,7
1478,9,7
1479,8,2
1481,5,2
1482,9,8
1484,6,4
1485,8,0
1486,4,7
1489,4,6
1490,1,8
1491,9,4
1492,8,9
1493,3,1
1494,8,7
1495,8,2
1498,3,5
1499,3,8
1501,6,2
1502,4,2
1503,3,4
1505,5,2
1506,7,5
1507,7,2
1511,8,1
1513,7,6
1514,8,0
1515,4,2
1518,2,3
1520,2,7
1524,5,3
1525,8,3
1526,2,4
1527,4,5
1530,9,3
1531,4,7
1532,0,8
1535,0,4
1536,9,5
1537,7,4
1538,9,3
1539,4,2
1542,3,5
1543,4,5
1544,5,4
1545,4,1
1546,2,4
1547,4,2
1548,4,5
1550,4,6
1555,4,0
1558,2,4
1561,4,5
1562,3,6
1563,1,9
1566,2,7
1567,4,2
1569,9,1
1571,7,5
1572,9,6
1573,9,0
1576,4,7
1577,3,5
1580,1,6
1581,5,2
1583,5,1
1584,2,7
1585,9,7
1586,4,5
1587,0,2
1588,4,5
1590,8,4
1594,4,3
1595,5,3
1596,2,0
1597,5,3
1598,3,5
1599,3,5
1600,4,8
1602,9,7
1603,0,3
1604,8,1
1605,0,3
1606,4,3
1609,5,4
1611,6,3
1612,9,3
1613,5,8
1614,9,1
1615,1,7
1618,5,7
1620,8,5
1622,2,4
1626,8,9
1627,3,9
1629,8,9
1632,3,8
1633,9,1
1634,4,6
1635,9,7
1637,2,5
1640,3,7
1642,4,5
1643,8,9
1644,5,2
1646,8,0
1647,5,7
1648,9,8
1649,3,5
1655,9,8
1656,4,2
1657,8,5
1660,2,3
1661,2,6
1662,6,3
1667,4,6
1669,4,6
1673,6,2
1675,4,5
1678,6,2
1681,4,5
1685,6,8
1686,9,0
1687,0,8
1689,3,9
1690,7,2
1693,8,4
1696,9,4
1698,0,5
1699,4,7
1700,4,5
1701,9,5
1702,8,9
1704,0,3
1705,2,0
1708,9,7
1709,3,2
1711,9,1
1713,1,8
1715,8,3
1716,9,1
1717,8,7
1718,8,0
1719,8,0
1723,5,2
1727,1,9
1728,4,0
1729,1,8
1730,8,4
1731,4,5
1732,1,9
1734,1,9
1735,6,0
1736,6,5
1737,4,6
1739,4,0
1740,9,1
1744,8,0
1746,9,2
1747,9,1
1749,0,2
1750,0,8
1751,9,1
1756,3,2
1758,4,2
1759,2,5
1763,0,2
1764,3,5
1765,8,4
1766,4,6
1768,3,2
1769,8,1
1770,3,7
1771,4,2
1772,9,8
1774,4,5
1779,5,3
1782,6,3
1784,0,1
1786,9,1
1787,4,3
1789,5,0
1790,4,7
1791,8,4
1794,4,3
1796,2,0
1798,6,4
1802,4,2
1803,3,2
1804,1,5
1807,4,5
1808,1,9
1810,8,1
1811,0,1
1812,7,5
1813,9,3
1814,7,9
1815,1,9
1816,6,7
1818,4,5
1819,8,0
1822,5,7
1823,9,0
1825,4,2
1828,4,7
1830,2,3
1831,1,9
1834,1,9
1835,3,0
1837,1,9
1838,5,6
1841,1,9
1844,8,9
1845,5,7
1846,6,2
1847,4,5
1848,4,3
1850,4,1
1852,4,2
1853,8,9
1854,3,5
1857,3,5
1858,8,4
1859,6,2
1860,1,8
1861,6,3
1863,4,5
1865,4,7
1868,5,2
1870,5,2
1871,4,3
1872,4,5
1873,4,6
1876,1,2
1877,5,3
1878,3,7
1879,3,0
1880,8,1
1881,7,9
1883,4,3
1884,4,7
1885,4,5
1886,9,8
1887,5,3
1888,1,2
1889,8,9
1890,4,6
1892,3,6
1894,7,3
1895,4,8
1898,6,0
1899,2,7
1902,7,0
1903,9,0
1904,8,1
1905,2,3
1906,5,9
1908,8,5
1913,3,9
1916,6,9
1918,7,2
1919,7,4
1921,0,2
1922,4,5
1923,9,1
1924,0,9
1926,1,0
1927,1,9
1929,5,2
1930,8,1
1931,5,6
1932,4,0
1933,6,3
1939,4,6
1941,4,7
1945,5,4
1947,9,3
1948,8,5
1950,3,5
1954,8,2
1955,1,2
1957,4,3
1958,1,6
1960,5,2
1961,4,7
1963,4,2
1964,5,3
1965,8,0
1967,2,7
1969,3,1
1971,1,4
1972,4,6
1977,9,5
1979,5,3
1981,5,3
1982,8,6
1983,2,8
1985,4,6
1986,6,4
1987,8,9
1988,3,5
1990,7,4
1991,8,1
1993,8,3
1995,4,2
1997,8,9
1998,1,8
1999,3,5
2000,4,1
2001,4,5
2002,9,4
2003,6,5
2004,3,7
2005,2,5
2006,6,7
2008,8,9
2009,9,1
2010,9,7
2013,9,6
2015,5,4
2016,8,6
2018,8,3
2019,7,9
2022,9,5
2023,6,5
2026,7,5
2027,1,9
2028,4,7
2029,6,3
2034,4,3
2036,6,5
2037,3,5
2038,4,2
2040,8,0
2041,8,0
2047,3,5
2049,5,3
2051,3,5
2053,4,6
2054,5,3
2055,3,5
2058,8,0
2059,3,9
2065,4,2
2066,4,2
2067,3,7
2068,6,3
2070,4,2
2073,8,2
2074,3,2
2076,8,3
2077,8,0
2080,9,1
2081,5,3
2083,6,2
2085,4,0
2086,9,1
2087,4,0
2088,4,7
2090,4,2
2091,2,0
2092,9,1
2094,2,5
2095,4,0
2097,4,2
2098,1,0
2100,4,2
2101,4,6
2108,3,4
2109,8,0
2110,4,0
2111,3,9
2112,8,1
2113,8,0
2114,5,2
2115,3,5
2117,9,7
2120,8,4
2121,0,6
2123,4,2
2124,8,0
2125,9,1
2127,3,2
2128,6,4
2129,0,9
2130,8,0
2132,5,2
2133,8,3
2134,8,4
2136,9,0
2137,4,2
2138,4,6
2140,1,9
2141,8,7
2142,9,1
2144,2,3
2145,4,7
2146,4,2
2147,1,7
2148,3,9
2149,0,6
2151,8,5
2154,9,5
2155,8,9
2157,6,3
2159,5,8
2161,2,5
2162,9,5
2163,4,7
2165,0,2
2166,4,0
2167,3,7
2168,4,5
2170,4,2
2171,3,2
2172,9,5
2175,6,3
2177,3,9
2178,9,3
2179,8,1
2180,0,4
2181,0,3
2185,9,0
2186,4,9
2187,9,5
2189,3,2
2191,3,4
2192,4,0
2193,0,2
2195,3,4
2197,4,6
2198,1,8
2199,6,2
2200,2,0
2201,3,5
2202,4,9
2203,3,6
2204,7,9
2205,2,5
2209,0,4
2210,4,2
2211,4,7
2212,4,2
2213,6,4
2215,5,0
2216,5,2
2219,2,5
2220,9,1
2222,3,6
2224,9,1
2227,4,8
2228,2,7
2230,5,3
2231,5,3
2232,4,0
2233,4,3
2234,5,7
2236,4,5
2239,4,7
2241,4,0
2242,3,2
2243,4,3
2246,2,9
2248,8,0
2249,2,0
2250,9,7
2251,4,6
2252,8,3
2253,2,3
2255,8,1
2256,1,4
2257,4,0
2261,4,3
2262,4,2
2264,9,0
2267,5,6
2268,6,3
2269,4,3
2270,0,2
2271,8,9
2273,4,5
2275,4,6
2276,9,0
2277,3,5
2279,1,9
2280,8,4
2281,3,5
2282,8,9
2286,6,3
2287,5,2
2288,2,5
2291,7,5
2292,0,5
2294,8,1
2296,2,9
2298,8,0
2299,3,6
2300,6,3
2301,4,2
2302,2,0
2303,4,2
2304,4,6
2305,4,9
2306,5,3
2308,8,1
2309,3,6
2311,4,7
2312,9,2
2313,4,6
2314,5,3
2316,2,5
2318,4,2
2319,9,7
2320,8,5
2321,9,2
2323,1,8
2324,8,0
2325,2,7
2327,7,1
2329,2,4
2331,3,2
2335,4,5
2337,4,7
2341,2,0
2342,6,5
2343,2,6
2345,9,1
2346,9,1
2348,2,4
2349,8,5
2350,4,3
2352,8,2
2354,1,8
2355,1,9
2358,5,7
2359,4,2
2360,4,7
2361,8,2
2362,5,3
2363,6,2
2365,4,7
2366,8,9
2371,9,4
2375,8,0
2376,8,7
2377,4,6
2379,8,0
2381,7,5
2383,0,2
2384,7,5
2385,5,4
2386,3,4
2389,3,6
2391,4,2
2392,2,5
2393,9,1
2394,4,6
2395,4,7
2396,9,1
2397,3,5
2400,4,0
2401,8,3
2402,7,9
2403,7,4
2404,1,0
2405,6,3
2407,0,9
2408,4,2
2409,7,4
2412,9,6
2413,6,4
2414,4,5
2415,5,6
2417,3,7
2419,5,4
2420,9,8
2421,1,8
2422,4,3
2423,4,2
2425,9,0
2426,0,2
2427,3,5
2430,3,7
2432,4,9
2434,8,0
2435,2,6
2437,5,8
2438,8,1
2440,8,7
2442,6,4
2443,4,2
2444,5,3
2445,4,6
2446,5,9
2447,1,6
2448,4,2
2452,8,2
2453,4,3
2455,2,6
2457,3,6
2464,5,2
2466,0,2
2469,6,9
2472,9,5
2478,5,6
2481,5,7
2483,0,2
2486,4,7
2489,4,3
2491,8,9
2493,1,9
2495,8,9
2496,1,9
2497,8,9
2498,6,3
2499,3,6
2504,9,1
2505,0,7
2506,2,3
2507,8,0
2508,4,6
2509,1,2
2512,6,2
2513,4,2
2514,3,9
2515,5,2
2516,3,2
2517,1,9
2518,8,7
2519,2,4
2520,8,1
2521,5,9
2522,8,1
2523,5,4
2524,8,3
2525,1,5
2526,4,3
2528,6,9
2529,9,3
2530,3,6
2531,3,2
2532,1,0
2533,3,8
2535,4,0
2536,3,5
2538,4,5
2539,7,8
2542,6,2
2543,4,3
2548,7,0
2549,9,6
2551,4,2
2555,9,7
2557,9,2
2558,5,4
2559,5,7
2560,4,7
2561,3,6
2563,0,2
2565,4,3
2566,3,2
2567,6,4
2568,7,9
2570,4,0
2571,1,9
2572,2,6
2573,3,5
2574,1,8
2575,4,5
2576,4,2
2577,3,4
2579,4,8
2582,6,5
2583,9,7
2584,3,6
2585,4,3
2586,8,7
2588,6,4
2589,8,0
2590,4,5
2591,4,8
2592,4,2
2594,8,0
2595,2,4
2596,0,9
2597,5,2
2598,4,3
2599,5,6
2603,9,0
2605,1,4
2606,6,3
2608,2,4
2609,6,5
2611,8,4
2613,4,6
2615,4,7
2616,8,1
2620,9,1
2623,3,4
2625,4,2
2626,4,7
2627,3,7
2628,8,0
2629,4,2
2630,9,2
2632,4,3
2633,5,3
2634,7,1
2635,4,6
2636,9,1
2637,4,6
2639,1,6
2641,5,4
2642,3,7
2643,4,3
2644,4,8
2647,8,1
2649,2,6
2650,7,5
2651,8,5
2652,6,7
2654,6,5
2655,0,4
2656,1,9
2657,1,7
2658,0,7
2659,8,2
2660,5,3
2661,6,3
2663,3,7
2671,1,6
2672,4,0
2673,0,2
2677,0,7
2678,5,0
2679,9,0
2681,8,0
2682,3,7
2685,4,2
2686,4,7
2688,3,5
2689,9,5
2690,8,2
2692,1,8
2693,1,9
2696,4,2
2697,8,0
2700,8,9
2701,9,1
2704,8,0
2709,4,6
2712,8,1
2714,1,9
2716,6,5
2717,2,0
2718,3,5
2719,3,4
2720,6,3
2721,2,8
2722,4,5
2723,8,2
2727,8,9
2728,3,2
2733,0,3
2734,2,7
2735,6,2
2738,3,4
2739,4,2
2741,4,6
2742,4,2
2743,7,9
2744,1,9
2745,2,8
2746,7,2
2747,8,3
2749,4,0
2750,2,5
2752,1,3
2753,1,7
2754,1,9
2755,2,5
2756,0,9
2757,9,1
2758,9,1
2761,9,7
2762,2,4
2765,8,9
2767,4,5
2768,2,5
2769,9,2
2770,4,7
2771,9,7
2774,4,2
2776,3,7
2777,3,5
2779,7,3
2781,8,7
2782,4,0
2783,2,0
2784,9,1
2785,5,4
2787,1,3
2788,6,7
2794,9,0
2796,4,7
2798,4,3
2799,9,8
2801,8,5
2802,4,6
2804,4,3
2806,9,2
2807,5,9
2808,4,2
2809,3,4
2810,4,9
2811,0,2
2815,8,3
2816,4,7
2818,3,5
2819,6,1
2821,8,0
2823,5,3
2824,4,7
2825,4,2
2828,0,2
2829,6,3
2831,0,3
2832,8,3
2835,9,4
2836,8,3
2838,8,1
2839,4,2
2840,7,3
2841,7,2
2842,2,7
2843,3,1
2849,4,6
2850,4,5
2852,4,2
2854,5,9
2856,9,2
2857,8,0
2858,7,4
2859,7,1
2860,4,5
2861,3,5
2862,7,6
2863,9,6
2865,4,6
2866,2,9
2867,6,7
2868,8,9
2869,8,4
2872,8,1
2874,9,8
2875,8,1
2876,0,9
2878,8,3
2881,8,7
2882,5,7
2884,4,6
2885,3,5
2886,1,6
2888,6,7
2889,5,7
2890,3,5
2892,9,0
2894,1,6
2895,5,7
2898,6,8
2899,4,9
2900,2,3
2901,4,2
2904,8,7
2906,6,1
2908,4,7
2909,8,0
2910,9,8
2912,4,2
2913,8,0
2914,5,6
2918,4,2
2920,4,2
2922,2,3
2923,5,3
2927,2,8
2930,3,7
2931,1,9
2934,3,6
2935,4,8
2936,3,5
2938,4,2
2939,4,2
2940,6,3
2942,3,5
2944,1,9
2947,9,1
2948,0,5
2949,5,3
2950,9,1
2952,4,3
2955,3,2
2956,8,0
2958,8,0
2959,8,7
2960,8,9
2963,8,3
2964,8,0
2965,3,7
2966,9,0
2972,9,3
2975,1,9
2976,4,0
2977,6,2
2978,1,2
2981,6,4
2983,3,5
2984,6,2
2985,9,2
2986,8,1
2987,3,1
2988,9,5
2989,3,5
2991,4,3
2993,9,0
2997,3,2
2998,4,5
2999,4,6
3002,0,7
3003,0,2
3005,8,0
3006,3,5
3007,5,6
3009,4,7
3011,5,3
3013,5,3
3016,7,4
3019,3,5
3020,4,1
3023,4,3
3025,3,2
3026,7,5
3029,9,1
3030,8,6
3031,5,7
3032,0,2
3034,4,2
3036,8,9
3038,4,3
3042,5,8
3043,6,4
3044,4,7
3049,5,3
3050,4,0
3051,2,8
3052,6,3
3053,3,4
3055,6,9
3056,6,4
3057,4,6
3059,9,5
3060,5,7
3061,9,7
3063,2,0
3064,9,1
3065,8,3
3066,9,1
3068,0,2
3069,7,4
3070,4,0
3071,8,7
3072,3,8
3073,5,3
3075,3,6
3076,6,2
3079,4,8
3080,9,1
3082,8,7
3083,1,5
3084,4,3
3085,6,2
3087,6,0
3090,3,4
3091,0,1
3092,6,5
3093,4,7
3094,0,2
3095,3,4
3097,4,0
3098,2,4
3101,4,7
3102,4,0
3105,4,1
3107,2,5
3108,5,8
3109,0,8
3110,5,7
3112,4,0
3113,0,3
3114,9,2
3115,4,5
3116,9,7
3117,9,0
3118,4,6
3124,4,6
3126,1,9
3128,1,9
3129,6,3
3131,2,7
3132,8,5
3139,4,2
3142,7,5
3143,5,3
3144,8,1
3145,4,9
3146,4,2
3148,8,0
3149,8,1
3150,6,1
3154,8,9
3156,1,9
3158,1,0
3159,4,2
3160,4,6
3162,9,1
3163,5,9
3164,4,0
3165,8,1
3167,3,2
3168,3,9
3171,7,0
3172,8,9
3174,9,2
3178,4,5
3179,9,6
3180,4,3
3183,0,3
3184,8,0
3185,1,2
3186,9,7
3188,2,4
3190,0,3
3191,4,0
3192,0,5
3193,0,2
3195,4,5
3196,6,7
3198,3,6
3199,4,6
3200,7,5
3202,4,5
3204,7,5
3206,4,8
3207,2,0
3208,1,9
3209,5,7
3211,8,0
3216,9,4
3218,8,9
3219,6,0
3220,5,3
3221,3,5
3222,9,4
3224,4,6
3225,6,9
3226,0,8
3228,0,3
3229,1,9
3230,4,3
3231,8,3
3234,5,3
3236,4,5
3240,8,4
3242,8,4
3244,4,7
3245,0,7
3246,9,1
3249,5,3
3250,4,2
3251,4,5
3252,2,4
3253,8,9
3254,2,3
3255,4,5
3258,8,0
3259,8,3
3261,4,0
3263,9,1
3264,0,5
3266,5,7
3267,2,3
3268,4,5
3269,9,7
3271,8,5
3272,9,7
3274,9,1
3275,9,5
3277,3,7
3279,9,8
3280,4,3
3281,4,2
3282,1,9
3283,3,7
3285,8,1
3286,1,6
3287,3,5
3288,8,9
3290,6,5
3292,6,4
3294,8,0
3296,6,4
3298,4,3
3299,7,0
3301,0,8
3302,4,0
3304,4,2
3306,6,5
3309,8,4
3310,4,6
3311,9,7
3312,8,9
3313,4,2
3314,1,9
3315,8,3
3316,4,7
3319,3,2
3320,4,2
3322,5,2
3323,8,5
3324,6,3
3325,9,6
3326,9,4
3327,1,7
3328,4,2
3329,4,3
3330,9,7
3333,4,2
3334,4,5
3335,8,0
3336,8,0
3339,7,9
3340,4,6
3342,5,0
3343,9,3
3346,5,4
3348,9,1
3349,3,6
3351,8,1
3352,4,2
3353,5,3
3354,4,3
3355,8,5
3356,5,4
3357,4,8
3359,6,7
3361,7,4
3363,1,2
3364,2,4
3367,0,7
3369,7,5
3371,3,2
3373,4,6
3376,8,5
3379,4,5
3381,4,5
3382,3,2
3385,1,8
3386,4,2
3390,5,3
3391,4,3
3392,3,1
3394,8,1
3397,4,9
3398,0,2
3399,4,0
3401,7,2
3402,5,4
3404,6,5
3405,4,7
3406,8,6
3408,6,2
3409,1,9
3410,9,4
3411,3,5
3412,2,0
3413,9,3
3414,0,3
3415,3,7
3416,2,7
3417,8,7
3418,9,1
3420,4,5
3421,7,0
3422,6,2
3424,3,5
3426,4,0
3432,4,5
3435,3,6
3436,2,4
3439,9,4
3440,3,2
3441,4,0
3442,3,6
3444,4,0
3446,9,6
3449,9,1
3451,3,5
3452,3,5
3453,4,2
3454,8,2
3456,5,3
3457,0,4
3459,8,9
3461,3,7
3462,4,2
3463,5,3
3465,3,6
3467,9,0
3469,8,9
3470,6,7
3472,1,7
3473,3,2
3474,4,2
3475,4,0
3476,2,8
3477,4,6
3480,4,2
3481,8,7
3482,8,7
3487,2,5
3489,9,3
3490,8,0
3491,5,3
3492,8,9
3493,4,0
3494,1,0
3495,9,2
3496,9,5
3497,8,0
3498,8,4
3501,6,9
3509,9,3
3511,8,0
3513,5,3
3514,4,2
3517,3,1
3519,3,8
3524,4,5
3525,4,2
3528,7,1
3533,4,2
3534,4,2
3535,4,5
3538,4,2
3539,4,3
3540,4,6
3543,5,6
3550,4,0
3551,4,0
3554,9,1
3555,4,6
3556,4,6
3557,2,9
3558,3,5
3560,9,1
3561,5,7
3563,4,6
3564,7,9
3565,8,1
3566,5,7
3567,5,6
3568,8,0
3569,6,9
3570,5,3
3571,9,5
3572,4,3
3573,6,2
3574,4,5
3575,6,3
3576,6,4
3578,4,7
3580,1,4
3581,6,4
3584,5,3
3587,9,0
3593,4,2
3595,4,2
3596,6,2
3597,8,6
3599,4,7
3600,1,4
3601,5,0
3602,9,3
3603,0,6
3604,8,2
3605,4,6
3606,9,3
3607,8,3
3608,4,0
3609,1,9
3610,8,5
3614,9,3
3615,2,6
3616,2,4
3618,5,4
3620,4,0
3622,4,5
3624,4,2
3627,3,4
3628,9,3
3629,0,1
3631,4,0
3632,9,1
3636,3,4
3637,4,2
3639,1,7
3640,2,6
3643,1,8
3645,9,1
3646,9,3
3649,4,3
3651,8,0
3652,4,2
3654,2,3
3656,4,2
3657,5,7
3658,4,2
3659,3,6
3660,8,0
3662,4,6
3665,6,7
3667,6,5
3668,4,2
3669,3,5
3672,8,0
3673,8,2
3674,4,3
3675,7,4
3676,1,9
3677,3,4
3679,8,0
3680,3,0
3681,4,2
3684,6,9
3687,1,9
3688,3,5
3693,8,6
3694,9,2
3700,5,3
3701,8,1
3703,1,6
3704,0,5
3706,8,4
3709,2,5
3710,4,2
3711,8,6
3712,8,4
3713,3,2
3714,9,3
3715,4,1
3716,1,3
3717,5,6
3719,3,5
3721,1,2
3723,9,1
3724,4,6
3725,8,2
3726,6,5
3728,1,2
3730,9,1
3733,8,2
3734,5,7
3735,4,5
3736,4,3
3737,5,2
3741,4,2
3742,1,9
3743,5,3
3744,6,4
3746,6,7
3747,1,9
3748,4,5
3749,5,8
3751,4,7
3752,1,3
3753,5,4
3755,1,9
3756,0,7
3757,5,4
3760,4,7
3762,9,1
3763,1,8
3765,4,0
3766,8,4
3768,8,1
3769,6,9
3771,0,2
3772,8,1
3773,4,2
3774,7,5
3775,4,6
3777,0,7
3778,2,7
3779,5,3
3781,4,2
3783,1,2
3784,6,5
3785,5,6
3786,5,7
3787,5,3
3788,4,7
3789,3,9
3791,5,2
3792,8,0
3793,3,6
3795,1,7
3796,0,5
3799,7,3
3800,1,9
3802,9,7
3804,4,5
3806,8,5
3807,9,8
3808,4,5
3809,7,4
3812,1,9
3815,7,2
3816,4,2
3819,9,3
3820,2,0
3822,6,4
3823,4,0
3824,6,2
3826,8,1
3827,6,4
3828,0,1
3830,3,5
3831,3,5
3832,9,7
3833,1,9
3834,9,8
3837,1,9
3840,4,6
3843,3,7
3847,8,0
3849,4,5
3851,5,4
3852,3,2
3856,1,9
3857,8,1
3859,6,3
3861,4,6
3862,0,4
3864,8,3
3865,5,7
3868,8,5
3870,4,8
3872,5,7
3873,1,9
3874,4,6
3879,9,7
3880,4,6
3881,4,7
3882,9,1
3883,5,7
3884,0,3
3887,4,2
3888,4,6
3890,4,7
3892,3,5
3894,9,7
3895,9,1
3896,5,7
3897,4,0
3899,2,6
3900,6,3
3901,2,3
3904,3,1
3906,2,3
3907,0,2
3908,4,2
3909,0,5
3910,7,4
3911,0,9
3916,0,9
3917,0,7
3918,3,6
3920,9,7
3921,9,1
3923,5,3
3924,2,5
3925,7,1
3927,2,0
3928,4,3
3932,8,6
3933,9,6
3934,4,2
3935,9,4
3936,3,6
3941,4,6
3942,0,1
3943,4,0
3944,3,7
3945,3,5
3947,7,2
3948,8,1
3949,6,5
3951,8,1
3953,0,7
3954,3,5
3956,4,3
3957,4,9
3959,4,5
3960,5,2
3961,1,8
3963,9,1
3964,8,9
3967,6,4
3969,1,2
3972,4,7
3973,3,9
3975,1,7
3976,9,1
3977,2,3
3978,3,2
3980,0,9
3983,5,7
3984,2,6
3985,6,7
3987,8,1
3988,6,1
3989,4,2
3991,6,2
3995,1,7
3996,4,6
3997,4,2
3998,1,2
3999,1,9
4000,4,8
4002,8,4
4003,0,2
4004,9,0
4005,6,5
4007,9,6
4009,5,2
4010,6,7
4011,1,7
4013,0,1
4017,6,5
4019,9,7
4020,9,8
4023,5,4
4028,8,0
4030,9,1
4034,4,2
4035,3,2
4036,8,7
4037,3,0
4038,8,0
4039,3,7
4040,8,0
4041,6,7
4042,0,4
4043,5,3
4044,2,6
4045,4,7
4046,4,7
4050,4,3
4051,3,5
4053,6,4
4054,8,7
4056,8,0
4057,0,7
4058,5,7
4060,3,6
4061,9,5
4062,4,0
4063,4,7
4066,2,6
4067,9,1
4069,3,5
4071,6,3
4073,5,6
4075,4,2
4077,9,3
4081,9,0
4082,8,6
4083,4,8
4084,4,7
4087,4,5
4091,8,9
4093,9,3
4094,5,3
4095,4,8
4096,0,8
4097,7,3
4098,0,9
4099,5,4
4101,4,2
4102,6,0
4103,4,8
4104,4,0
4105,9,7
4106,1,3
4107,2,3
4108,9,2
4109,3,5
4110,4,2
4111,1,4
4112,7,4
4114,5,4
4115,0,8
4116,5,2
4118,2,0
4119,8,6
4120,0,4
4121,9,5
4123,8,0
4125,4,8
4127,9,6
4130,2,6
4131,8,1
4133,9,2
4134,5,1
4135,8,1
4136,4,2
4138,6,4
4139,1,5
4141,1,8
4143,9,5
4146,4,2
4147,6,3
4151,4,6
4152,1,5
4153,8,0
4155,4,3
4157,4,2
4161,2,6
4163,4,2
4164,9,1
4166,9,1
4167,3,0
4169,6,3
4170,4,1
4173,5,4
4174,9,2
4176,0,3
4177,3,6
4180,8,0
4181,5,0
4182,1,5
4185,2,7
4186,8,7
4188,4,6
4189,8,1
4190,9,3
4192,8,0
4193,1,9
4195,6,3
4197,6,4
4198,0,8
4199,0,8
4201,9,1
4202,4,0
4203,4,2
4204,4,2
4206,9,1
4207,9,1
4208,4,2
4209,7,4
4211,6,4
4215,9,1
4216,4,0
4217,5,0
4220,0,4
4221,4,2
4224,0,5
4225,3,5
4226,8,0
4227,6,4
4228,8,0
4230,2,6
4231,7,2
4233,1,9
4237,2,1
4238,6,5
4239,0,4
4240,8,7
4241,4,5
4242,0,8
4244,4,2
4246,3,5
4247,3,5
4250,0,1
4251,0,8
4252,4,9
4253,1,9
4258,0,8
4260,9,8
4261,8,9
4262,6,4
4263,3,6
4265,4,6
4266,4,3
4269,4,0
4270,4,0
4273,4,5
4276,4,9
4279,3,6
4281,2,7
4282,6,3
4285,0,1
4287,9,0
4289,1,7
4291,0,6
4294,4,0
4296,1,8
4298,1,9
4299,4,2
4301,2,6
4302,6,2
4303,7,5
4304,8,6
4305,8,0
4307,6,3
4309,4,7
4310,7,4
4312,4,5
4314,8,1
4315,4,6
4318,0,1
4319,4,2
4320,8,1
4321,8,5
4324,8,9
4325,2,6
4326,0,7
4328,8,0
4332,2,7
4333,3,7
4334,5,3
4335,8,9
4337,8,1
4338,1,9
4339,5,7
4340,4,0
4341,8,1
4342,7,3
4344,6,4
4345,4,6
4348,4,8
4355,3,0
4357,5,4
4358,6,5
4359,8,2
4363,5,9
4364,3,9
4365,8,9
4366,8,2
4367,2,0
4370,3,8
4373,2,0
4374,4,0
4375,5,3
4376,4,7
4378,8,1
4379,9,1
4381,2,7
4382,5,7
4384,5,6
4386,5,6
4388,5,2
4391,8,3
4392,3,5
4393,6,3
4395,4,7
4396,1,9
4398,9,4
4400,8,3
4402,2,4
4403,3,8
4404,5,3
4406,9,5
4407,5,3
4411,3,5
4412,4,7
4414,6,2
4417,1,9
4418,1,9
4420,4,5
4421,3,2
4423,4,6
4425,9,1
4426,4,0
4430,8,1
4431,0,1
4432,4,7
4433,9,5
4434,3,2
4435,5,3
4437,2,1
4438,3,2
4439,1,9
4440,3,2
4445,1,9
4447,4,0
4448,6,4
4449,1,9
4450,3,0
4451,4,2
4452,3,2
4453,2,0
4456,4,7
4457,4,3
4459,1,8
4461,4,0
4462,3,2
4463,2,5
4464,6,3
4469,3,5
4470,8,0
4474,1,0
4475,0,1
4476,4,1
4477,4,6
4479,4,7
4481,8,9
4483,0,2
4484,6,4
4485,4,3
4486,9,8
4488,2,4
4489,4,7
4491,4,2
4494,9,8
4495,5,3
4496,3,8
4499,9,3
4501,3,5
4502,0,7
4503,3,7
4507,4,5
4508,4,9
4509,6,7
4512,0,8
4513,1,4
4516,8,1
4518,4,9
4519,9,6
4521,3,9
4524,0,4
4526,8,3
4527,5,3
4528,6,5
4530,4,5
4532,6,1
4533,9,8
4534,4,2
4535,6,2
4538,5,7
4542,5,3
4543,9,1
4545,5,3
4546,0,2
4547,5,3
4548,3,0
4549,6,1
4551,3,5
4553,5,3
4555,3,5
4556,4,2
4557,9,0
4559,5,3
4563,1,7
4564,6,4
4565,4,2
4567,5,4
4569,8,9
4570,3,9
4572,5,2
4574,4,3
4575,4,6
4577,9,6
4578,8,4
4581,5,3
4582,9,8
4583,4,7
4584,1,4
4585,4,8
4586,8,0
4588,8,9
4589,4,3
4590,2,9
4591,8,0
4593,3,5
4596,4,7
4599,9,8
4600,7,4
4601,1,2
4602,9,1
4603,4,6
4605,4,3
4606,4,0
4607,6,1
4608,6,4
4609,9,8
4610,4,6
4611,9,1
4612,4,7
4613,4,1
4614,4,3
4615,4,5
4616,5,4
4617,9,3
4618,6,3
4619,0,9
4620,3,7
4621,4,8
4622,6,2
4623,3,5
4624,6,5
4625,8,4
4626,3,5
4627,7,4
4628,0,5
4629,3,7
4632,4,5
4634,4,7
4635,4,7
4637,6,3
4638,2,6
4639,9,0
4640,4,2
4641,6,5
4642,4,2
4644,0,7
4646,5,2
4647,8,1
4648,5,6
4650,2,6
4652,9,3
4653,6,2
4655,1,7
4659,7,4
4660,4,7
4661,3,4
4664,0,7
4666,4,0
4667,8,0
4668,8,6
4669,5,6
4670,9,8
4672,9,6
4673,3,0
4674,5,3
4676,9,7
4678,4,9
4681,1,9
4684,9,1
4685,6,4
4686,8,0
4688,4,7
4689,0,1
4691,8,2
4692,9,8
4694,0,7
4695,1,8
4696,4,5
4698,2,6
4699,4,5
4700,2,6
4702,5,6
4705,4,3
4707,3,7
4709,9,8
4710,9,3
4724,2,5
4726,8,0
4729,4,2
4730,4,2
4731,2,4
4732,4,2
4733,1,6
4734,7,4
4738,4,5
4739,4,6
4740,2,5
4743,4,6
4744,0,6
4745,8,7
4747,4,5
4748,1,0
4749,3,2
4750,4,7
4754,8,3
4755,4,1
4759,8,0
4760,8,3
4762,9,1
4764,8,5
4765,5,3
4766,9,1
4768,6,9
4769,9,8
4770,0,9
4771,8,0
4772,3,6
4775,4,2
4776,5,3
4777,4,5
4778,3,6
4779,5,9
4780,8,0
4782,5,2
4784,8,0
4785,1,3
4786,5,6
4790,9,1
4792,2,0
4793,1,6
4794,3,4
4795,8,5
4797,4,5
4798,8,4
4799,8,1
4801,4,2
4803,4,7
4805,6,5
4808,4,3
4809,8,0
4811,4,2
4814,4,3
4817,1,0
4818,9,3
4819,4,5
4821,8,4
4823,8,5
4825,3,7
4826,5,3
4827,1,9
4828,3,4
4829,3,5
4830,5,3
4832,0,4
4833,4,2
4835,1,9
4837,4,7
4838,9,1
4840,6,0
4842,3,2
4843,9,1
4844,3,5
4845,8,3
4849,2,5
4850,4,1
4852,4,9
4853,4,7
4856,8,7
4860,3,5
4861,9,0
4863,0,1
4864,1,3
4865,9,8
4868,2,0
4870,0,8
4871,4,7
4873,3,2
4874,8,9
4876,2,3
4877,4,6
4878,3,7
4880,2,0
4882,3,6
4883,4,2
4884,3,4
4885,6,2
4887,6,5
4888,4,5
4889,3,4
4890,9,1
4891,4,6
4892,4,7
4893,9,1
4896,4,7
4897,2,1
4898,7,6
4899,4,2
4900,6,3
4901,4,0
4903,1,2
4907,6,5
4908,4,6
4911,9,8
4913,9,1
4917,2,5
4920,3,7
4921,3,5
4923,9,7
4925,3,5
4926,5,7
4928,2,9
4929,8,9
4930,9,1
4931,1,9
4933,4,3
4934,4,5
4936,4,3
4937,8,0
4938,9,3
4940,4,6
4941,3,6
4942,4,5
4943,5,6
4945,1,9
4946,6,4
4950,5,2
4951,4,7
4952,1,9
4954,0,1
4955,8,2
4956,4,5
4958,2,4
4959,2,7
4960,6,4
4962,5,3
4963,5,3
4964,4,5
4965,2,3
4966,9,5
4967,5,7
4970,0,2
4973,9,1
4974,4,7
4976,9,5
4978,8,1
4979,6,9
4980,9,1
4982,6,3
4986,9,8
4987,2,3
4988,3,5
4990,2,7
4992,9,1
4993,4,7
4995,5,2
4996,2,3
4997,5,3
4998,3,5
5001,4,6
5003,7,4
5006,9,7
5007,6,3
5009,8,7
5010,0,7
5011,8,3
5012,5,6
5014,6,7
5015,4,2
5016,4,6
5017,9,7
5019,8,1
5021,8,0
5022,4,2
5023,4,2
5024,9,1
5025,9,5
5027,3,0
5028,3,9
5029,5,3
5030,9,4
5031,0,4
5032,8,2
5033,6,3
5036,8,0
5038,5,4
5041,1,9
5042,3,2
5043,4,0
5044,6,5
5045,9,7
5046,0,5
5048,9,1
5049,6,7
5050,8,3
5053,6,7
5057,4,2
5058,0,1
5059,0,4
5060,0,6
5062,2,5
5063,8,9
5065,4,0
5066,5,4
5067,1,9
5069,8,9
5070,3,7
5071,9,1
5072,4,6
5073,4,8
5074,8,0
5075,4,6
5076,4,5
5079,3,1
5081,4,5
5085,6,2
5086,5,3
5087,3,9
5088,5,8
5089,3,6
5091,3,0
5092,1,9
5093,8,0
5094,1,9
5096,0,7
5097,8,7
5098,9,5
5099,0,2
5100,4,3
5102,4,5
5103,9,7
5104,9,8
5105,3,7
5106,4,6
5107,1,9
5108,9,1
5109,4,9
5111,9,6
5112,3,5
5117,3,7
5118,4,2
5120,8,9
5121,5,6
5122,4,6
5123,6,7
5124,4,0
5126,8,0
5127,0,1
5128,5,3
5129,9,2
5130,4,5
5131,4,6
5132,0,1
5133,4,2
5134,8,5
5141,2,6
5144,9,0
5146,4,0
5148,2,3
5151,4,9
5154,5,2
5156,8,5
5159,2,6
5160,9,0
5162,0,7
5163,4,5
5165,4,2
5169,4,2
5170,1,9
5171,4,2
5172,5,4
5174,4,6
5176,5,3
5178,4,5
5179,3,5
5180,1,9
5182,0,1
5183,6,4
5184,9,4
5185,1,3
5186,3,5
5187,5,4
5189,8,0
5190,4,0
5192,1,9
5194,3,7
5195,6,4
5196,8,2
5197,9,8
5199,3,6
5201,8,1
5203,8,6
5204,9,3
5205,0,8
5206,0,3
5207,7,8
5210,8,5
5212,3,5
5213,4,3
5214,8,1
5217,8,1
5218,4,3
5219,6,2
5220,8,0
5221,9,7
5222,4,5
5224,9,0
5226,3,1
5227,7,4
5230,3,8
5234,2,7
5235,5,1
5236,8,0
5237,2,4
5238,0,2
5239,0,4
5241,6,4
5245,8,1
5246,3,7
5248,1,9
5250,6,7
5251,3,5
5253,4,0
5255,1,0
5257,4,8
5258,5,2
5261,9,2
5264,4,6
5265,5,2
5266,3,4
5267,4,6
5269,3,5
5271,3,5
5272,5,3
5273,1,7
5274,4,2
5275,4,2
5276,1,9
5277,9,8
5278,9,0
5279,8,0
5280,8,0
5281,6,3
5283,5,4
5287,4,7
5288,6,4
5290,6,3
5292,2,4
5293,1,0
5298,4,5
5299,4,7
5300,1,9
5303,3,5
5304,6,7
5305,2,7
5306,6,3
5308,1,9
5309,5,3
5310,8,0
5311,6,9
5313,1,3
5314,6,7
5316,9,4
5318,8,1
5319,9,7
5320,3,7
5321,6,1
5322,6,4
5323,9,1
5324,0,2
5325,0,8
5326,3,7
5327,4,0
5328,8,0
5329,8,4
5330,6,7
5334,4,6
5336,8,3
5337,4,5
5339,3,0
5340,0,3
5341,4,6
5342,3,8
5343,2,3
5344,5,2
5345,9,4
5346,0,7
5349,9,3
5350,0,9
5351,3,7
5353,9,1
5356,3,7
5357,8,0
5358,8,1
5359,0,6
5362,4,2
5363,4,7
5364,0,7
5365,2,8
5366,6,1
5367,9,0
5368,4,3
5369,0,4
5371,1,7
5372,8,5
5373,1,2
5374,6,0
5376,3,5
5377,6,5
5378,9,1
5379,3,4
5385,3,2
5386,9,1
5387,4,3
5388,5,6
5389,1,4
5391,1,9
5392,1,0
5396,9,1
5397,1,9
5398,6,8
5399,3,6
5400,0,9
5401,8,2
5403,6,7
5404,5,2
5405,0,2
5406,4,7
5407,7,4
5409,3,1
5410,4,3
5411,5,2
5412,5,6
5413,4,3
5414,2,4
5416,3,9
5417,9,4
5419,5,2
5420,3,6
5421,3,6
5422,8,1
5424,4,3
5425,8,6
5426,6,5
5428,7,4
5434,4,6
5435,4,7
5436,4,6
5438,6,7
5441,3,5
5442,7,2
5443,4,6
5444,0,7
5445,4,7
5446,0,6
5447,7,5
5452,7,0
5453,8,2
5455,4,9
5456,6,1
5458,4,3
5459,3,5
5460,7,0
5461,7,0
5463,8,5
5464,1,7
5465,4,7
5467,0,5
5469,9,5
5470,9,1
5471,7,6
5472,9,1
5475,3,0
5477,4,2
5480,0,1
5482,2,5
5483,9,1
5484,4,9
5486,7,3
5489,3,7
5491,4,0
5493,5,3
5494,8,9
5495,7,4
5496,6,4
5497,7,3
5498,1,9
5499,4,6
5500,9,8
5501,5,6
5504,4,5
5506,4,3
5508,5,7
5509,9,7
5510,3,4
5511,6,3
5512,4,9
5514,0,2
5515,3,4
5516,4,0
5518,8,3
5519,3,6
5520,6,4
5521,4,9
5522,4,2
5524,8,0
5525,0,3
5528,9,5
5529,8,3
5530,1,3
5532,4,3
5534,4,6
5536,1,6
5537,5,2
5538,4,7
5539,2,4
5540,4,5
5541,0,7
5544,1,0
5546,4,7
5547,4,2
5548,4,8
5549,4,5
5550,3,5
5552,6,5
5554,8,9
5555,5,4
5556,8,6
5557,2,4
5558,9,7
5560,6,3
5561,4,6
5562,3,4
5566,9,1
5567,4,6
5568,0,7
5569,5,0
5571,9,0
5572,9,1
5575,5,3
5576,3,5
5577,4,2
5580,6,5
5581,5,6
5582,8,4
5583,8,0
5584,4,0
5588,6,3
5589,4,2
5591,9,5
5596,1,9
5597,8,3
5599,4,2
5600,4,6
5603,4,5
5606,9,7
5607,1,6
5609,0,5
5610,1,8
5611,8,5
5613,3,5
5615,4,5
5618,8,0
5619,1,8
5620,4,3
5621,9,8
5622,4,1
5624,9,1
5625,3,5
5626,4,0
5628,1,8
5629,5,6
5630,8,3
5631,4,6
5632,9,3
5636,8,4
5637,5,7
5638,2,4
5639,1,3
5640,3,2
5643,8,5
5644,5,7
5645,3,5
5647,9,5
5648,4,8
5649,6,0
5650,4,5
5651,2,4
5652,4,0
5653,4,5
5655,6,3
5656,2,3
5657,5,2
5659,3,2
5660,6,9
5662,4,8
5663,6,8
5664,4,6
5665,0,2
5668,4,7
5669,1,0
5670,6,4
5671,6,3
5673,4,5
5675,4,7
5678,3,1
5679,8,0
5680,8,2
5681,2,3
5682,3,5
5684,4,7
5686,4,6
5687,4,2
5689,5,3
5690,0,7
5692,9,5
5693,4,7
5699,5,4
5700,5,3
5701,8,3
5703,1,0
5704,7,4
5705,6,2
5706,4,7
5707,8,0
5708,5,2
5715,4,6
5717,3,6
5719,6,2
5722,8,0
5724,3,5
5725,9,5
5728,9,7
5730,9,5
5733,7,3
5734,4,6
5735,8,0
5736,5,9
5737,3,9
5738,6,2
5739,4,2
5740,4,6
5741,8,1
5742,6,4
5744,4,2
5750,9,6
5751,0,4
5752,7,3
5753,4,2
5754,5,3
5755,8,4
5756,0,4
5758,1,8
5760,4,2
5761,4,6
5762,8,0
5767,4,7
5768,9,7
5769,4,3
5771,7,2
5773,5,3
5775,4,7
5779,6,3
5783,0,1
5785,4,2
5786,2,4
5787,6,0
5789,7,2
5790,0,9
5792,4,2
5794,1,7
5795,4,7
5796,4,5
5797,8,5
5799,8,1
5802,4,6
5804,8,0
5806,8,0
5808,3,5
5811,3,7
5812,5,4
5814,3,8
5816,2,5
5817,6,3
5819,5,2
5820,4,5
5822,4,3
5823,3,5
5824,9,7
5825,6,3
5831,9,6
5832,3,9
5833,2,3
5834,4,5
5835,7,3
5837,3,2
5838,7,4
5839,6,2
5840,5,2
5843,3,6
5844,8,0
5845,2,5
5848,3,4
5849,3,5
5850,4,6
5852,5,3
5853,3,5
5854,6,4
5855,4,7
5856,5,3
5857,8,0
5859,5,2
5861,5,1
5862,4,2
5864,1,9
5865,4,6
5867,4,5
5869,6,7
5870,9,7
5871,5,6
5872,4,7
5873,5,4
5874,6,3
5876,4,6
5879,6,8
5881,4,3
5882,4,1
5883,4,6
5884,8,4
5886,4,2
5888,7,4
5889,7,6
5890,6,3
5891,8,0
5893,0,9
5894,3,7
5895,4,6
5896,9,8
5900,5,4
5901,6,5
5903,2,4
5904,1,7
5905,9,1
5908,7,3
5910,4,2
5912,1,4
5914,8,1
5915,3,5
5916,3,9
5917,4,3
5918,8,1
5919,8,4
5921,4,7
5923,9,0
5925,6,3
5926,2,4
5928,4,7
5929,5,7
5930,8,5
5933,9,4
5934,6,3
5936,0,6
5937,9,1
5940,8,7
5941,1,9
5944,4,2
5945,5,9
5946,1,8
5948,8,0
5955,2,5
5956,7,4
5957,3,4
5959,9,4
5960,3,2
5961,3,6
5962,5,6
5964,1,9
5965,2,7
5968,4,0
5969,0,5
5972,9,8
5976,8,5
5978,2,5
5980,8,9
5981,4,7
5984,3,5
5986,9,3
5990,4,8
5995,2,0
5996,0,4
5997,4,0
5998,5,7
5999,6,2
6001,8,0
6002,6,2
6003,4,0
6004,0,7
6006,2,0
6007,4,6
6008,4,3
6010,4,1
6011,5,7
6013,5,6
6014,0,5
6015,9,0
6016,6,4
6017,3,9
6018,4,5
6020,3,6
6021,5,3
6022,4,0
6023,3,5
6024,4,2
6025,1,6
6026,4,3
6030,5,8
6031,4,5
6035,4,5
6036,8,0
6037,0,5
6040,6,2
6041,3,7
6043,2,5
6044,4,7
6046,4,2
6050,6,2
6051,2,4
6055,4,0
6057,1,0
6058,9,1
6060,0,3
6061,8,0
6062,0,3
6063,4,6
6064,3,5
6065,4,5
6066,6,2
6068,3,5
6071,2,7
6074,9,4
6075,6,3
6077,5,0
6080,9,1
6081,2,0
6082,8,0
6083,4,2
6085,6,2
6087,2,4
6088,4,6
6089,4,7
6091,8,0
6092,4,5
6093,6,2
6094,4,5
6096,8,2
6097,6,5
6098,4,6
6101,1,9
6103,8,6
6106,4,2
6107,8,9
6109,4,2
6111,8,3
6112,1,8
6113,9,2
6116,4,5
6119,9,1
6120,8,5
6121,5,2
6122,4,5
6124,4,8
6125,9,8
6127,4,5
6129,9,4
6130,8,1
6131,8,3
6132,4,7
6133,3,0
6138,4,3
6141,4,8
6142,9,5
6144,8,7
6145,3,2
6146,1,0
6150,9,1
6151,3,7
6153,5,4
6157,4,0
6158,0,7
6161,2,4
6162,6,0
6163,4,3
6164,3,7
6165,7,5
6168,5,3
6169,8,5
6170,6,2
6171,5,4
6172,9,1
6174,0,3
6175,6,3
6177,5,2
6178,4,5
6180,4,0
6181,4,8
6183,3,5
6184,7,1
6185,3,5
6187,9,0
6188,1,9
6189,0,2
6191,8,0
6195,5,1
6196,0,3
6199,3,5
6202,4,3
6206,0,5
6211,4,8
6212,9,7
6213,4,3
6214,6,5
6215,0,2
6217,3,8
6218,6,9
6219,8,7
6220,4,2
6221,8,0
6225,6,3
6226,3,5
6227,5,7
6228,5,4
6229,4,6
6230,4,2
6231,1,8
6232,4,2
6234,8,7
6235,5,6
6236,9,1
6237,0,3
6239,5,6
6240,4,2
6241,4,0
6242,0,4
6243,5,4
6249,4,5
6250,6,4
6251,9,1
6252,3,2
6253,6,5
6254,6,4
6255,2,6
6257,2,5
6259,3,5
6260,6,2
6263,8,2
6265,2,4
6266,5,7
6270,5,2
6272,8,2
6273,6,1
6274,3,9
6277,5,2
6278,7,5
6284,4,0
6286,1,8
6290,1,9
6293,6,3
6294,8,0
6298,4,3
6299,9,3
6300,7,1
6302,9,0
6303,9,7
6305,2,6
6306,8,0
6307,5,4
6309,2,6
6313,1,9
6315,5,6
6316,9,7
6318,8,7
6323,4,2
6326,1,7
6330,4,6
6332,6,5
6334,2,0
6336,0,4
6338,4,7
6340,2,3
6341,0,2
6344,2,5
6345,5,3
6349,9,0
6352,4,2
6353,4,2
6354,6,7
6356,4,7
6357,4,7
6358,9,7
6359,3,2
6360,4,2
6361,4,0
6364,8,3
6365,3,7
6367,2,4
6368,5,7
6369,3,9
6370,3,6
6371,9,1
6373,9,6
6375,4,3
6376,0,8
6377,7,9
6378,1,5
6381,1,9
6382,3,4
6384,1,7
6386,3,5
6387,4,2
6388,9,7
6389,6,5
6392,3,6
6394,8,0
6395,4,8
6396,6,4
6398,5,6
6400,5,0
6401,5,4
6402,4,8
6405,9,1
6407,4,2
6414,9,8
6415,4,1
6417,0,1
6419,1,9
6420,4,7
6421,4,6
6422,6,4
6423,6,5
6424,0,8
6425,6,2
6428,3,5
6429,3,8
6430,4,1
6431,0,1
6432,4,8
6434,8,0
6436,8,0
6437,2,0
6438,9,4
6440,9,3
6441,6,5
6442,4,6
6443,4,6
6444,5,3
6446,1,4
6447,8,4
6448,0,7
6450,8,0
6451,8,1
6453,9,8
6454,6,4
6456,4,2
6458,6,2
6460,4,3
6464,8,1
6465,4,3
6466,4,8
6469,8,9
6470,9,1
6472,8,1
6473,7,9
6474,4,8
6475,3,2
6476,8,0
6478,9,7
6480,5,0
6481,4,0
6482,5,7
6486,4,8
6487,4,6
6488,9,2
6490,9,8
6491,4,0
6493,9,1
6494,2,0
6495,4,7
6496,5,7
6497,6,4
6498,5,4
6499,5,7
6500,0,7
6501,7,2
6502,3,6
6504,4,7
6505,6,4
6506,4,5
6507,6,4
6509,1,9
6510,6,4
6511,5,7
6512,4,2
6513,3,5
6514,2,3
6515,3,2
6516,4,2
6528,7,5
6530,1,3
6531,2,4
6532,3,5
6533,9,2
6536,7,1
6537,8,5
6540,9,8
6541,9,8
6542,1,9
6543,3,6
6544,8,0
6545,0,9
6546,4,2
6548,8,0
6549,8,0
6552,9,1
6553,5,3
6554,4,5
6556,9,8
6557,8,9
6559,4,2
6560,4,6
6561,8,9
6562,9,5
6564,6,5
6566,6,1
6568,4,2
6569,1,8
6570,6,9
6573,4,7
6574,7,0
6575,5,3
6576,1,7
6577,3,1
6580,2,1
6582,8,4
6583,4,0
6588,8,0
6589,4,2
6591,3,5
6594,0,8
6595,5,2
6596,6,3
6598,5,6
6599,6,2
6603,6,9
6604,3,2
6605,0,6
6606,0,4
6607,1,7
6608,4,5
6609,4,5
6612,3,7
6613,2,8
6614,4,5
6615,9,7
6616,9,4
6619,9,0
6620,4,7
6621,8,0
6623,8,0
6625,6,4
6626,6,2
6627,6,5
6629,8,0
6630,3,7
6631,5,7
6632,5,7
6633,3,0
6635,8,6
6636,4,2
6640,8,5
6641,8,0
6643,9,1
6646,8,5
6647,6,3
6648,8,0
6652,3,2
6653,4,0
6654,3,4
6655,9,1
6661,3,4
6662,8,6
6663,8,0
6664,7,4
6665,0,4
6666,6,2
6669,2,5
6671,3,5
6673,5,4
6674,3,5
6675,5,2
6676,1,0
6677,4,5
6678,9,7
6679,0,2
6680,2,3
6685,9,1
6686,8,9
6688,9,1
6689,4,8
6693,9,6
6694,9,3
6695,5,4
6698,6,3
6699,4,2
6700,4,6
6701,9,1
6703,6,2
6704,9,1
6705,4,3
6706,4,6
6708,5,2
6710,9,3
6713,5,2
6714,9,1
6719,9,2
6720,4,2
6721,3,7
6722,4,3
6723,7,5
6726,4,3
6729,6,0
6730,6,8
6731,0,6
6732,0,3
6735,2,9
6742,9,1
6745,3,7
6746,5,2
6748,2,0
6750,2,4
6753,6,4
6755,7,9
6760,6,5
6761,6,5
6762,2,7
6763,3,2
6764,8,5
6767,8,1
6768,4,2
6769,6,3
6771,3,5
6772,1,0
6773,4,2
6777,4,2
6778,4,2
6779,1,8
6781,5,3
6782,4,5
6783,6,3
6788,9,1
6789,0,1
6790,4,7
6792,8,3
6793,5,3
6795,0,9
6799,5,0
6800,4,6
6803,4,6
6811,8,9
6812,5,0
6813,4,6
6814,1,9
6819,9,2
6821,2,0
6823,4,5
6825,5,3
6827,0,3
6828,4,3
6830,9,1
6832,9,1
6834,9,1
6835,4,5
6837,3,5
6838,4,1
6839,7,8
6840,1,9
6842,8,3
6845,4,2
6847,9,8
6848,8,9
6849,2,4
6851,8,0
6852,8,9
6853,5,4
6856,4,6
6857,6,2
6858,6,1
6859,1,3
6860,2,0
6861,6,8
6862,6,5
6863,8,6
6864,7,0
6865,4,3
6866,6,4
6867,3,6
6868,1,9
6869,9,5
6870,3,7
6871,3,9
6872,5,0
6873,5,3
6874,4,6
6875,7,5
6876,5,7
6877,8,0
6878,4,5
6879,9,1
6881,6,2
6883,4,7
6884,8,0
6885,2,0
6887,8,4
6889,8,5
6890,4,5
6892,5,6
6893,9,3
6894,4,6
6895,6,2
6898,9,3
6900,6,3
6901,4,2
6903,3,9
6904,1,5
6905,4,2
6907,5,6
6911,4,6
6912,7,3
6913,4,3
6914,4,8
6916,6,4
6917,9,6
6919,2,4
6920,4,5
6923,8,0
6924,2,5
6925,6,2
6926,5,7
6929,4,5
6930,0,2
6932,5,9
6933,4,0
6935,6,7
6938,4,3
6941,2,4
6944,3,5
6946,3,6
6948,4,6
6949,8,0
6950,0,8
6953,8,0
6954,0,7
6957,3,6
6958,4,7
6959,4,5
6961,6,8
6962,4,7
6965,3,6
6967,6,4
6968,9,8
6969,8,2
6970,8,0
6973,5,3
6974,5,9
6975,9,8
6976,4,3
6979,6,5
6980,9,0
6982,4,1
6983,1,9
6985,9,0
6989,6,7
6990,2,3
6991,9,1
6992,2,4
6993,1,5
6994,4,3
6995,8,1
6996,8,0
6997,3,8
7000,6,2
7002,5,3
7003,5,7
7004,0,3
7005,8,1
7006,2,6
7009,3,6
7011,5,7
7013,9,1
7014,0,3
7016,5,3
7017,9,1
7020,9,7
7022,4,2
7023,6,2
7025,4,6
7026,9,3
7027,8,5
7028,1,9
7031,8,0
7032,3,4
7036,1,3
7037,8,7
7038,8,0
7039,1,4
7040,9,7
7041,8,4
7042,4,8
7043,9,6
7044,3,4
7045,0,3
7048,9,2
7049,3,2
7050,9,8
7054,8,2
7055,4,8
7056,4,2
7057,4,6
7058,3,9
7063,6,1
7064,8,5
7066,3,6
7068,0,2
7069,1,0
7070,4,7
7073,4,9
7074,4,3
7075,1,9
7076,6,9
7077,4,0
7078,5,7
7080,4,5
7081,8,4
7082,8,2
7083,4,6
7084,5,4
7086,9,7
7087,8,7
7088,0,8
7089,8,7
7090,5,2
7091,3,6
7093,4,2
7095,0,4
7099,4,3
7100,3,9
7101,5,6
7103,8,0
7104,5,2
7106,7,8
7107,4,2
7108,9,2
7109,1,4
7110,5,3
7112,0,2
7113,7,9
7114,8,1
7117,3,6
7119,9,5
7120,5,7
7121,8,9
7124,3,5
7125,3,5
7126,8,0
7128,3,7
7131,8,6
7132,3,4
7135,1,4
7137,4,5
7140,1,4
7141,3,5
7143,6,4
7146,9,0
7147,4,5
7148,9,0
7149,3,5
7152,4,6
7153,4,7
7154,8,0
7155,5,9
7157,8,5
7159,9,6
7160,4,5
7162,3,5
7164,4,0
7165,4,0
7168,2,5
7169,8,1
7170,2,9
7171,4,2
7172,3,4
7173,8,1
7177,0,2
7178,8,0
7180,3,6
7181,7,6
7182,8,0
7183,5,6
7184,4,5
7186,1,2
7187,2,7
7189,8,0
7190,4,2
7191,9,7
7192,5,7
7194,0,8
7197,2,4
7198,8,9
7199,5,1
7203,7,5
7204,3,4
7207,5,3
7210,6,3
7211,9,3
7212,5,3
7213,4,6
7214,1,3
7216,6,2
7218,1,9
7219,5,7
7221,5,3
7222,0,8
7223,0,7
7224,9,3
7225,8,1
7226,3,7
7227,4,7
7228,9,3
7229,5,2
7230,5,2
7232,1,9
7233,6,5
7234,6,9
7235,4,2
7236,8,1
7237,4,7
7240,8,0
7241,3,5
7243,9,1
7244,3,5
7251,0,7
7253,3,4
7254,4,2
7255,5,3
7257,8,0
7258,6,5
7260,8,1
7263,2,5
7265,1,5
7266,4,2
7267,4,5
7268,7,3
7269,4,7
7272,7,1
7274,9,1
7275,0,3
7278,3,5
7280,9,1
7281,4,7
7283,6,3
7285,8,1
7286,4,2
7288,4,7
7289,4,0
7293,4,7
7294,9,5
7295,3,5
7298,2,4
7300,4,3
7301,4,6
7302,3,6
7303,2,8
7304,4,2
7307,1,8
7310,5,3
7311,8,1
7313,4,3
7314,6,3
7315,8,0
7316,8,1
7317,4,6
7318,2,4
7319,4,2
7320,0,8
7321,4,2
7324,8,1
7326,6,4
7329,8,1
7331,3,5
7332,1,7
7333,3,6
7335,9,4
7336,4,5
7337,4,6
7338,6,5
7339,2,6
7340,4,2
7341,3,4
7342,3,7
7343,6,7
7344,9,4
7345,3,6
7346,3,5
7347,8,0
7348,6,2
7349,4,3
7351,4,2
7352,5,3
7354,8,0
7356,8,0
7357,9,6
7360,4,2
7361,4,8
7364,4,5
7365,6,4
7367,4,3
7368,9,5
7369,6,5
7370,5,3
7372,4,5
7375,9,2
7377,8,3
7378,5,3
7380,6,7
7387,3,1
7388,4,7
7390,8,6
7395,4,2
7397,5,4
7399,1,3
7401,5,3
7402,4,0
7404,9,8
7405,6,7
7406,3,7
7408,6,4
7410,5,4
7411,7,5
7412,4,9
7413,4,1
7415,7,3
7416,9,1
7417,4,3
7419,8,0
7420,2,3
7421,8,5
7424,1,9
7425,6,2
7427,5,2
7428,4,0
7429,8,5
7430,6,2
7433,3,5
7435,1,7
7436,8,0
7437,2,3
7438,6,5
7441,9,8
7442,5,7
7443,3,7
7446,7,5
7447,4,8
7449,4,0
7451,1,9
7452,2,4
7453,1,0
7455,9,1
7456,8,7
7457,4,2
7458,5,2
7462,9,8
7463,0,2
7465,8,0
7470,6,9
7471,4,6
7472,9,1
7473,4,1
7474,3,5
7477,7,0
7478,5,7
7480,8,1
7481,7,4
7482,1,4
7483,9,1
7486,8,1
7488,0,2
7489,6,3
7491,7,9
7492,1,9
7496,4,3
7498,8,6
7499,6,9
7501,1,9
7504,4,6
7505,2,7
7507,3,7
7508,4,2
7509,4,3
7512,5,9
7513,8,0
7515,7,8
7517,4,2
7518,6,3
7519,3,2
7521,4,2
7523,4,0
7524,9,3
7527,9,6
7529,3,5
7530,4,2
7531,3,4
7533,8,0
7534,5,6
7536,9,8
7539,4,5
7541,3,0
7542,4,8
7545,4,5
7549,5,3
7551,4,6
7552,7,4
7553,3,9
7554,5,7
7557,2,5
7558,7,2
7559,9,8
7560,9,0
7561,4,2
7562,8,2
7563,8,9
7567,3,7
7568,4,7
7571,6,4
7572,9,1
7573,9,1
7574,0,3
7577,9,1
7581,4,9
7583,9,1
7584,9,1
7587,6,7
7589,5,6
7590,4,2
7591,4,6
7593,4,6
7594,9,0
7595,9,1
7596,4,3
7599,3,8
7600,0,8
7602,6,2
7605,4,2
7606,2,6
7608,2,5
7609,9,0
7610,4,7
7611,2,7
7612,6,7
7613,1,9
7614,6,4
7615,4,5
7618,6,3
7620,9,5
7623,8,1
7624,4,2
7625,0,7
7627,5,3
7629,2,6
7631,8,1
7632,7,0
7633,1,7
7636,8,5
7637,1,8
7638,0,1
7641,6,7
7642,1,9
7643,9,8
7644,6,3
7645,4,0
7646,7,2
7647,4,6
7648,4,0
7649,3,2
7650,5,2
7652,9,0
7654,2,4
7656,9,1
7657,8,2
7658,4,7
7659,4,2
7660,1,7
7661,1,9
7662,9,5
7663,8,2
7664,4,2
7665,3,9
7668,4,5
7669,5,7
7670,0,2
7671,4,5
7672,5,6
7673,6,5
7674,8,1
7675,3,8
7676,4,2
7677,0,6
7679,5,6
7680,6,3
7682,1,8
7684,2,0
7685,8,9
7687,4,6
7688,0,8
7689,8,0
7691,2,6
7693,2,7
7698,8,0
7700,7,6
7701,4,0
7704,9,1
7705,5,7
7706,9,8
7708,4,2
7709,4,3
7711,5,6
7712,3,5
7713,8,5
7714,5,3
7716,8,5
7717,8,3
7721,4,2
7722,6,7
7723,6,3
7726,3,4
7728,9,1
7731,9,1
7734,3,1
7735,0,4
7737,1,0
7738,4,2
7740,5,4
7741,0,5
7742,8,0
7743,9,3
7744,3,4
7745,3,7
7746,0,2
7747,4,3
7748,8,0
7749,8,1
7750,4,3
7751,8,7
7754,5,0
7757,5,6
7758,4,7
7760,8,2
7761,3,2
7767,4,9
7773,5,4
7775,9,2
7776,3,5
7778,6,0
7780,8,3
7783,5,3
7784,2,7
7786,8,9
7787,8,5
7788,1,6
7790,4,8
7792,7,9
7794,7,5
7795,9,5
7797,5,3
7798,1,5
7799,6,9
7800,8,0
7801,3,4
7803,8,0
7804,3,5
7805,1,9
7807,9,3
7809,7,0
7812,4,2
7813,8,3
7814,2,7
7815,9,0
7816,4,0
7818,1,9
7819,8,1
7820,8,5
7821,0,2
7822,6,2
7823,6,7
7825,6,3
7826,1,9
7827,4,3
7828,4,5
7829,8,2
7830,1,2
7831,4,2
7833,0,8
7834,4,5
7836,8,0
7838,8,0
7839,8,3
7841,4,6
7842,4,5
7843,3,0
7844,7,9
7845,4,2
7846,5,6
7847,9,7
7848,2,4
7849,0,2
7850,8,0
7851,8,0
7852,7,5
7853,2,3
7854,8,3
7855,5,2
7858,4,2
7859,3,7
7860,4,8
7861,4,0
7862,9,1
7865,6,3
7867,9,4
7869,4,0
7871,7,0
7873,8,1
7874,7,6
7875,3,2
7879,6,3
7881,4,3
7882,8,7
7884,8,9
7889,8,1
7890,5,6
7892,9,1
7896,0,4
7897,7,2
7900,6,0
7901,7,1
7905,2,3
7906,4,2
7909,8,1
7910,5,3
7912,4,0
7913,0,8
7914,9,7
7917,4,6
7918,2,4
7919,3,6
7920,3,9
7922,4,8
7923,2,9
7924,5,3
7927,4,7
7928,5,2
7930,6,2
7931,1,9
7932,0,9
7935,4,7
7936,9,1
7938,3,2
7939,4,2
7940,6,2
7941,4,5
7942,1,9
7943,9,1
7945,4,6
7946,9,1
7947,6,2
7951,4,2
7952,0,3
7953,8,1
7956,1,4
7959,0,5
7961,7,3
7962,5,3
7963,5,7
7964,0,1
7965,9,7
7966,8,7
7967,4,9
7969,1,6
7970,5,3
7972,6,5
7974,9,6
7975,4,2
7976,3,7
7979,5,3
7980,4,3
7981,4,5
7982,4,9
7983,3,6
7985,6,5
7987,2,0
7989,6,7
7991,1,9
7993,4,2
7996,8,7
7997,9,1
7998,5,2
7999,4,6
8000,1,9
8001,0,1
8002,4,6
8003,3,4
8004,4,7
8006,1,9
8007,9,0
8010,7,2
8014,6,2
8016,5,4
8019,9,3
8020,4,6
8021,9,1
8022,3,2
8026,8,0
8027,6,4
8028,9,1
8029,2,7
8030,4,2
8034,5,9
8036,4,6
8037,8,1
8040,1,2
8041,5,8
8043,2,0
8044,1,9
8046,0,8
8047,4,0
8050,2,7
8053,9,1
8055,5,2
8056,9,1
8057,8,9
8058,5,4
8060,3,6
8062,5,2
8063,8,0
8064,8,0
8066,4,9
8067,9,8
8070,6,5
8071,6,4
8072,2,3
8073,8,0
8074,3,7
8077,8,3
8078,8,7
8079,8,5
8080,5,4
8081,1,6
8082,8,5
8083,7,9
8085,4,2
8086,5,4
8087,4,2
8090,8,6
8091,8,7
8092,0,4
8094,9,1
8095,4,2
8096,8,3
8099,4,3
8100,8,6
8101,6,8
8102,7,3
8103,4,7
8104,5,7
8106,9,8
8109,4,2
8110,4,5
8111,7,5
8112,6,3
8113,7,6
8114,6,3
8115,4,5
8116,8,9
8118,8,4
8119,5,6
8121,1,0
8125,9,8
8126,6,4
8127,1,9
8128,5,7
8129,6,2
8130,5,6
8133,1,8
8134,4,6
8135,4,7
8136,8,3
8139,2,1
8140,8,5
8141,6,3
8142,4,7
8144,1,9
8145,1,9
8146,1,8
8147,3,5
8148,8,9
8152,3,8
8153,0,4
8154,6,8
8155,9,1
8156,8,0
8159,1,8
8160,1,6
8161,7,5
8162,4,9
8163,4,0
8165,6,1
8167,8,6
8168,2,6
8169,4,3
8170,3,5
8171,8,6
8172,1,5
8173,4,5
8174,1,3
8175,6,3
8178,1,9
8181,6,3
8182,3,8
8183,5,3
8184,4,6
8185,8,0
8188,4,7
8189,0,8
8190,5,4
8191,4,6
8192,2,5
8193,5,3
8196,9,3
8197,8,0
8198,1,4
8199,1,4
8200,4,3
8201,7,3
8202,4,5
8203,5,3
8204,6,3
8205,4,2
8207,8,7
8209,4,2
8212,3,5
8214,9,1
8216,4,3
8218,3,9
8219,5,3
8222,8,1
8225,8,9
8226,4,8
8229,5,8
8232,5,2
8233,5,4
8234,1,8
8236,8,5
8237,4,7
8239,9,8
8241,0,3
8245,5,3
8248,8,1
8249,8,1
8251,5,3
8252,4,2
8253,8,2
8254,6,8
8255,1,9
8258,8,3
8259,9,8
8260,0,1
8261,9,1
8262,8,0
8263,2,5
8266,3,5
8268,7,5
8269,0,8
8270,3,6
8272,5,9
8273,4,6
8274,4,6
8275,5,3
8276,0,9
8277,3,4
8278,0,8
8279,6,3
8282,8,1
8283,6,1
8286,6,7
8291,3,6
8292,6,9
8293,4,0
8295,2,3
8296,3,5
8298,5,3
8299,9,3
8300,4,5
8301,4,5
8302,4,3
8304,4,1
8305,3,4
8306,7,6
8308,5,2
8309,6,4
8312,1,9
8313,3,6
8315,0,6
8316,3,5
8317,4,5
8318,5,2
8319,9,7
8320,6,7
8322,2,4
8324,6,3
8326,4,3
8327,3,7
8328,4,7
8331,4,3
8333,4,1
8334,3,6
8335,3,7
8337,4,3
8338,6,3
8341,9,6
8342,9,1
8343,2,3
8345,4,9
8346,5,6
8348,1,6
8349,8,4
8350,8,9
8351,4,0
8352,6,5
8354,5,4
8357,8,0
8359,0,2
8360,8,7
8362,9,3
8363,4,2
8364,1,7
8365,3,6
8366,9,1
8367,4,6
8368,2,6
8371,5,2
8372,6,1
8374,5,4
8375,6,4
8376,9,7
8378,2,5
8380,1,9
8381,1,4
8382,2,3
8383,4,2
8384,3,2
8385,1,9
8386,8,3
8387,8,0
8388,0,1
8389,4,1
8390,9,1
8391,9,1
8392,8,6
8394,6,7
8395,9,1
8397,4,0
8399,1,5
8400,8,0
8401,5,3
8402,8,0
8403,2,6
8408,9,6
8410,6,5
8412,8,2
8416,2,6
8417,9,1
8419,0,7
8420,6,3
8421,3,2
8422,4,2
8423,5,6
8424,6,5
8425,4,6
8427,4,2
8430,1,9
8432,3,5
8435,9,3
8436,3,5
8437,6,7
8438,6,1
8439,4,8
8440,7,5
8443,4,2
8444,4,5
8445,8,1
8446,5,3
8447,7,0
8448,5,4
8450,2,9
8451,8,5
8453,8,9
8454,4,2
8456,8,4
8457,4,2
8459,1,9
8461,3,7
8464,3,6
8466,4,7
8467,4,3
8469,1,5
8471,9,0
8472,4,2
8473,3,2
8475,4,9
8476,6,0
8478,4,5
8480,4,2
8481,2,3
8483,8,0
8484,7,3
8488,4,9
8489,8,1
8491,4,3
8493,9,2
8494,0,1
8496,9,0
8499,4,9
8502,9,1
8503,8,1
8507,0,8
8508,9,1
8509,9,6
8510,0,7
8511,4,2
8514,3,7
8516,4,8
8517,9,1
8519,4,7
8522,9,1
8525,9,3
8526,2,3
8528,0,3
8529,9,0
8530,1,8
8533,4,6
8534,4,6
8535,2,7
8536,6,1
8537,3,0
8538,5,7
8539,3,6
8542,6,2
8544,4,6
8546,2,8
8547,3,6
8548,6,3
8549,9,1
8551,0,8
8553,6,7
8556,0,4
8557,8,3
8558,6,2
8560,2,7
8563,9,0
8564,8,1
8566,8,4
8570,1,6
8571,9,7
8572,8,0
8573,2,6
8574,7,4
8575,1,9
8576,5,2
8577,2,3
8578,7,2
8579,9,1
8580,5,3
8581,9,8
8582,3,6
8584,8,1
8588,5,6
8589,4,5
8591,3,6
8594,9,3
8597,0,5
8598,8,3
8600,5,3
8601,4,3
8602,4,8
8603,6,1
8604,5,6
8605,8,6
8606,9,1
8609,4,6
8610,3,2
8616,2,3
8617,4,3
8618,3,5
8619,3,5
8620,4,3
8621,9,1
8626,3,1
8628,9,7
8629,5,7
8630,3,5
8631,4,2
8632,9,3
8633,1,3
8634,4,6
8635,4,6
8636,4,6
8638,8,0
8639,0,7
8641,6,7
8643,8,0
8644,9,8
8645,9,1
8646,5,2
8648,8,1
8649,6,2
8650,3,2
8652,0,9
8653,0,8
8654,4,2
8655,4,8
8658,6,3
8660,3,7
8662,5,3
8664,2,5
8665,4,3
8666,6,0
8667,8,4
8668,4,3
8670,8,9
8671,3,4
8672,4,7
8673,1,9
8674,9,1
8675,0,7
8677,5,3
8678,9,1
8679,1,8
8680,9,3
8681,5,2
8682,2,5
8684,3,2
8685,3,7
8686,8,9
8687,4,6
8689,4,6
8692,2,5
8694,8,0
8699,6,4
8701,1,8
8702,8,0
8703,6,4
8705,4,6
8706,4,7
8707,8,2
8708,2,7
8709,8,1
8710,5,7
8712,9,1
8713,3,2
8714,0,4
8715,0,2
8716,4,2
8719,6,2
8720,0,2
8723,2,5
8727,8,9
8728,1,6
8729,3,5
8730,3,2
8731,1,9
8732,1,8
8733,6,7
8735,9,3
8736,6,3
8737,3,7
8739,6,3
8740,4,2
8741,7,1
8742,1,9
8743,8,0
8745,8,5
8746,2,3
8749,8,5
8750,1,9
8751,9,1
8752,1,5
8753,6,4
8754,5,3
8757,4,8
8761,8,0
8764,9,1
8765,4,2
8766,4,5
8768,9,2
8770,4,6
8771,4,6
8773,4,6
8774,5,3
8775,3,1
8778,4,3
8779,6,7
8782,4,5
8783,4,6
8784,2,4
8785,0,8
8786,7,3
8788,2,5
8790,8,0
8791,4,6
8792,4,6
8793,6,7
8794,3,5
8796,8,9
8797,1,9
8799,6,1
8801,5,4
8803,7,3
8806,6,3
8808,3,6
8809,4,8
8810,5,2
8811,9,1
8812,8,0
8817,5,4
8820,0,2
8821,2,7
8822,4,6
8823,7,4
8824,9,3
8825,8,0
8827,4,2
8828,6,0
8833,4,6
8835,3,7
8837,9,1
8840,1,2
8841,0,2
8842,6,4
8846,5,6
8847,4,5
8848,7,3
8849,1,9
8851,6,0
8852,4,7
8854,1,4
8857,8,0
8859,4,2
8860,8,2
8861,1,4
8863,4,5
8865,2,7
8866,9,1
8868,2,4
8870,8,5
8871,8,9
8873,3,5
8874,2,7
8875,1,8
8876,8,0
8877,4,9
8881,5,6
8882,5,3
8883,1,8
8884,4,0
8886,5,4
8887,2,4
8889,5,4
8893,0,6
8894,6,0
8896,9,8
8897,4,2
8898,9,7
8900,4,2
8901,7,5
8902,3,6
8904,9,5
8905,1,8
8908,3,9
8909,8,0
8912,5,4
8918,8,7
8919,4,7
8922,4,9
8923,4,6
8925,8,0
8928,6,4
8930,9,3
8934,3,7
8935,8,0
8936,8,9
8937,2,7
8938,8,1
8939,5,8
8943,5,7
8944,3,4
8945,9,1
8946,1,9
8948,9,6
8952,6,3
8954,4,2
8955,8,1
8956,9,2
8958,4,6
8959,6,1
8960,8,0
8961,6,0
8962,9,5
8963,4,6
8964,2,0
8966,5,3
8968,2,8
8970,8,0
8971,3,6
8972,3,9
8973,3,5
8974,4,2
8976,4,7
8977,1,0
8978,4,6
8979,9,5
8981,4,7
8982,7,2
8983,4,3
8985,0,9
8986,8,6
8987,5,2
8988,0,2
8992,8,5
8993,9,0
8996,4,3
8997,6,5
8999,8,3
9002,3,6
9003,1,3
9004,9,7
9005,6,5
9006,4,6
9008,4,0
9009,4,2
9010,1,8
9011,6,2
9012,0,8
9013,8,7
9015,3,8
9016,8,1
9018,2,8
9019,1,9
9021,2,0
9027,2,5
9029,2,4
9030,8,2
9031,1,0
9034,5,2
9035,6,4
9036,5,4
9039,6,2
9040,3,2
9042,7,1
9044,5,2
9045,3,0
9046,8,0
9048,9,0
9049,3,6
9050,3,5
9054,0,8
9057,9,8
9059,5,2
9060,6,9
9061,3,7
9062,8,9
9066,5,1
9068,8,6
9069,1,9
9070,4,2
9071,3,7
9072,1,9
9073,6,4
9076,4,6
9077,4,2
9079,8,1
9082,4,2
9084,3,5
9086,8,0
9087,9,3
9090,4,2
9093,5,3
9094,5,2
9095,9,5
9097,4,0
9100,3,9
9102,3,7
9103,9,7
9107,8,5
9108,4,2
9113,6,1
9118,0,4
9122,3,9
9124,8,0
9125,9,1
9126,9,1
9127,9,8
9129,2,4
9130,4,8
9131,8,3
9132,1,2
9133,0,9
9134,8,5
9135,3,7
9137,6,2
9140,4,7
9142,0,3
9144,8,0
9147,1,9
9149,0,7
9151,3,0
9152,5,4
9153,0,2
9154,0,2
9156,4,6
9160,3,5
9163,2,4
9165,8,4
9168,8,2
9169,8,1
9170,9,0
9171,4,2
9172,4,0
9173,2,4
9178,9,1
9183,1,8
9184,2,7
9188,4,5
9190,9,3
9191,4,3
9192,6,2
9193,4,0
9195,8,6
9196,8,0
9197,9,1
9204,8,9
9207,8,9
9210,9,7
9212,9,6
9213,7,2
9214,4,9
9216,0,6
9217,1,9
9221,9,7
9222,4,7
9223,5,1
9224,4,6
9225,9,5
9226,9,3
9227,9,1
9228,6,3
9229,2,1
9230,3,2
9231,5,7
9232,4,1
9234,6,2
9237,3,7
9238,8,9
9242,3,7
9243,5,3
9244,4,7
9246,7,3
9248,4,0
9250,2,3
9252,4,7
9253,8,2
9254,6,7
9257,3,5
9259,4,7
9262,4,0
9263,5,6
9264,6,5
9267,3,2
9269,9,5
9271,8,0
9273,8,0
9276,4,7
9277,9,3
9278,6,7
9280,1,9
9281,4,3
9282,3,7
9285,1,8
9286,4,7
9288,4,8
9289,4,5
9290,2,4
9292,9,3
9295,5,3
9297,5,2
9298,5,1
9299,3,9
9300,3,5
9301,3,7
9302,5,3
9303,8,9
9304,2,5
9305,6,5
9306,3,8
9307,2,7
9309,0,5
9310,4,3
9311,3,5
9313,4,7
9314,2,6
9316,2,3
9317,9,6
9319,5,3
9322,3,2
9325,2,6
9327,6,2
9329,6,7
9331,5,7
9332,8,9
9334,9,7
9335,6,4
9336,5,3
9337,9,5
9338,2,3
9341,3,2
9342,4,6
9345,9,1
9346,5,7
9351,8,1
9352,8,1
9353,4,5
9355,8,6
9357,7,9
9358,4,2
9359,3,6
9361,9,8
9363,3,5
9366,4,2
9368,9,1
9369,8,5
9374,4,7
9375,6,3
9376,9,5
9378,6,9
9379,4,7
9380,8,5
9381,8,2
9385,3,7
9390,4,7
9391,8,9
9392,3,0
9393,3,4
9394,4,5
9396,0,5
9397,4,2
9398,4,8
9400,2,6
9401,1,9
9403,1,9
9404,1,3
9406,1,5
9407,3,6
9408,5,6
9411,4,7
9414,0,5
9415,1,0
9416,4,7
9417,8,4
9418,1,8
9420,9,5
9423,4,2
9424,4,2
9425,2,6
9426,8,2
9427,9,1
9429,5,4
9430,5,6
9431,8,3
9432,4,1
9433,5,3
9434,3,7
9435,4,2
9437,5,3
9439,9,0
9441,1,4
9443,2,5
9445,4,9
9446,9,5
9447,0,4
9449,8,9
9450,5,6
9452,4,2
9453,9,3
9460,7,3
9461,5,4
9462,5,2
9463,8,9
9465,2,5
9466,3,8
9467,9,2
9469,9,0
9471,3,6
9475,4,2
9481,4,2
9483,1,0
9484,9,0
9485,2,7
9486,8,4
9488,8,6
9492,1,9
9493,8,0
9497,4,3
9498,4,3
9500,1,9
9501,8,6
9502,5,6
9503,6,2
9505,4,3
9506,2,4
9507,1,0
9510,9,1
9511,6,4
9513,4,6
9514,4,5
9515,9,0
9517,1,9
9520,6,1
9521,4,2
9522,4,3
9525,4,2
9528,8,0
9529,5,9
9530,3,6
9535,3,1
9536,2,4
9538,3,8
9539,6,0
9540,4,5
9541,5,4
9542,5,1
9544,3,0
9548,4,2
9551,4,5
9553,3,7
9555,8,4
9556,4,6
9557,2,5
9558,8,0
9560,2,9
9561,4,0
9562,8,3
9563,0,1
9566,6,9
9567,4,7
9569,4,6
9573,4,2
9575,3,5
9576,8,3
9579,3,2
9580,8,1
9581,5,7
9582,4,5
9583,0,9
9584,6,3
9585,6,4
9587,1,7
9590,1,0
9591,9,1
9592,9,1
9593,8,1
9594,5,9
9601,6,1
9602,8,0
9604,1,8
9605,1,5
9606,9,6
9607,9,7
9609,0,1
9610,8,4
9612,3,4
9615,4,6
9616,0,5
9618,3,1
9621,4,6
9622,7,5
9623,4,9
9624,4,2
9625,0,2
9626,9,1
9629,0,1
9631,8,7
9632,4,2
9633,6,0
9635,6,7
9637,3,5
9638,4,2
9639,4,2
9640,1,5
9641,3,6
9643,8,9
9644,8,0
9646,1,5
9647,1,3
9652,8,5
9654,3,5
9656,8,0
9657,4,5
9658,3,9
9659,6,4
9660,9,6
9661,3,5
9663,9,1
9664,8,0
9666,6,3
9670,9,1
9672,2,7
9673,1,9
9675,5,4
9676,8,3
9678,4,3
9679,6,2
9680,0,8
9682,6,7
9683,3,6
9685,4,0
9686,5,2
9688,8,2
9691,9,6
9692,7,9
9694,9,1
9695,8,0
9696,9,1
9698,9,7
9699,9,0
9700,8,0
9701,8,4
9704,5,2
9707,7,5
9709,8,0
9710,5,7
9711,2,4
9712,6,5
9716,3,7
9720,6,8
9721,1,6
9722,9,3
9723,4,7
9725,3,8
9726,0,9
9727,4,6
9728,5,2
9729,6,4
9730,4,6
9732,4,9
9735,8,6
9737,4,5
9742,1,9
9743,1,9
9744,9,1
9745,7,3
9746,1,2
9747,3,0
9748,7,3
9749,8,0
9750,6,2
9751,1,0
9753,5,3
9755,5,3
9756,4,5
9757,9,7
9758,3,6
9759,1,5
9760,7,9
9761,3,5
9764,4,2
9767,7,2
9768,4,7
9770,5,4
9772,8,0
9774,2,5
9776,4,2
9777,3,9
9778,4,3
9780,5,4
9782,6,2
9783,6,2
9784,0,8
9785,4,8
9786,2,6
9787,1,8
9789,4,6
9791,3,9
9792,6,8
9793,4,2
9794,9,1
9798,8,5
9803,9,1
9804,1,5
9805,0,2
9808,8,1
9809,6,3
9810,1,8
9811,3,1
9812,1,3
9815,4,5
9816,8,1
9817,4,9
9818,8,0
9820,8,0
9822,8,0
9823,9,5
9824,8,1
9826,8,0
9829,4,5
9831,5,2
9832,6,2
9833,6,7
9835,4,7
9836,4,2
9837,6,4
9838,9,5
9840,3,4
9841,8,0
9842,4,6
9844,2,5
9845,8,9
9847,4,0
9848,4,2
9850,4,7
9851,4,6
9852,8,0
9853,2,5
9855,4,7
9856,2,5
9858,2,4
9859,5,6
9860,8,0
9862,6,3
9864,0,8
9866,8,1
9868,1,9
9870,9,2
9871,1,9
9872,9,0
9873,4,2
9874,4,2
9875,8,9
9877,4,6
9878,4,5
9879,0,7
9880,3,7
9881,1,9
9882,9,1
9883,9,7
9884,8,9
9886,6,4
9887,4,5
9888,2,0
9891,3,2
9892,2,5
9894,6,1
9898,0,9
9899,9,7
9900,0,8
9901,1,3
9902,9,6
9903,7,6
9904,8,0
9907,8,1
9910,5,4
9911,9,4
9912,8,0
9913,4,7
9914,1,8
9916,0,1
9917,3,2
9918,6,5
9920,0,6
9921,6,0
9922,9,5
9923,1,7
9924,8,4
9926,9,3
9928,3,5
9930,3,8
9933,2,7
9934,6,4
9936,7,8
9937,0,4
9939,3,5
9940,5,4
9941,9,1
9943,9,7
9944,4,7
9945,4,7
9947,4,3
9949,9,3
9950,6,3
9953,4,7
9954,1,0
9957,8,0
9959,3,2
9960,0,2
9962,5,4
9964,8,2
9965,7,2
9968,5,3
9969,1,6
9971,4,9
9972,3,4
9973,8,0
9974,8,1
9976,7,5
9977,6,5
9978,4,7
9979,8,3
9981,5,4
9982,4,2
9983,1,0
9984,4,7
9985,3,5
9986,6,8
9987,8,0
9989,4,2
9990,5,7
9991,9,0
9992,5,3
9993,3,5
9994,6,3
9996,4,3
9997,2,5
